Eligible Credit Cards,Eligible Debit Cards
RBL Bank Platinum LifeEasy Credit Card,Visa Celesta Contactless Debit Card
VISA Platinum Credit Card,Visa Imperio Contactless Debit Card
Makemytrip ICICI Bank Signature Credit Card,Visa Crown Contactless Debit Card
Samsung Axis Bank Infinite Credit Card,Visa FedFirst Contactless Debit Card
RBL Bank Platinum Edge Credit Card,Mastercard Celesta Contactless Debit Card
Indian Overseas Bank Classic Credit Card,Mastercard Imperio Contactless Debit Card
Axis Bank Miles And More World Credit Card,Mastercard Crown Contactless Debit Card
Bajaj Finance Platinum Plus SuperCard,Rupay Crown Debit Card
Canara Bank Rupay Classic Credit Card,Rupay Platinum Contactless Debit Card
Shoppers Stop HDFC Bank Credit Card,RuPay PMJDY Debit Card
DBS Spark5 Credit Card,Bandhan Bank Mastercard Platinum Debit Card
Tata Star Titanium Card,Bandhan Bank Mastercard Titanium Debit Card
Indusind Bank Nexxt Credit Card,Bandhan Bank Visa Platinum Debit Card
Bajaj Finserv DBS Bank 7X Plus Rewards Supercard,Bandhan Bank RuPay Platinum Debit Card
Indianoil Citi Credit Card,Bandhan Bank Visa Classic Debit Card
Axis Bank Horizon Credit Card,Bandhan Bank RuPay Classic Debit Card
SBM Rupicard Credit Card,Bandhan Bank Avni Debit Card
Axis Bank Neo Credit Card ,Bandhan Bank PMJDY (Pradhan Mantri Jan-Dhan Yojana) Debit Card
RBL Bank Platinum TravelEasy Credit Card ,Bandhan Bank Elite Debit Card
Miles Elite SBI Card,Bandhan Bank Elite Plus Debit Card
Paytm HDFC Bank Credit Card,Bandhan Bank Legacy Debit Card
RBL Bank Mocash Credit Card,Bandhan Bank Mastercard Platinum Plus Debit Card
Federal Bank Visa Imperio,Catholic Syrian Bank Visa Signature Debit Card
Indian Overseas Bank Credit Card Gold,Catholic Syrian Bank RuPay Platinum
Indian Coast Guard Rakshamah Bank of Baroda,Catholic Syrian Bank VISA Platinum
RBL Bank Platinum LifeEasy Visa Credit Card,Catholic Syrian Bank RuPay Classic
FabIndia SBI Card,Catholic Syrian Bank RuPay PMJDY
RBL Bank Platinum TravelEasy Visa Credit Card ,Catholic Syrian Bank Senior Citizen Debit Card
Tata Neu Plus HDFC Bank RuPay Credit Card,Catholic Syrian Bank Women Debit Card
Canara Bank Rupay Select Secured Credit Card,Catholic Syrian Bank Salary Debit Card (HV)
RBL Bank Paisabazaar Duet Card,Catholic Syrian Bank Platinum Max Debit Card
Bank of India Visa Platinum International Credit Card,Catholic Syrian Bank Visa classic
HDFC Bank Infinia Credit Card Metal Edition,KBL MoneyPlant NCMC Contactless RuPay Platinum International Debit Card
DBS Spark20 Credit Card ,KBL MoneyPlant Visa Classic Debit Card
HDFC Bharat Credit Card,KBL MoneyPlant RuPay Classic Debit Card
SELECT,KBL MoneyPlant RuPay Classic Debit Card
Easy EMI Card,KBL MoneyPlant RuPay Platinum International Debit Card
PVR Inox Kotak Credit Card ,KBL Visa Classic Contactless Debit Card
Axis Bank Privilege Easy Credit Card,KBL Visa International Contactless Debit Card
Axis Bank Vistara Infinite Credit Card,KBL MoneyPlant RuPay Kisan Debit Card
Platinum Edge Super Card,KBL MoneyPlant RuPay MUDRA Card
HDFC Bank UPI RuPay Credit Card ,KBL MoneyPlant NCMC RuPay Select International Premium Debit Card
J&K Bank Gold Credit Card,KBL MoneyPlant RuPay PMJDY Debit Card
YES Bank Rio RuPay Credit Card,KBL MoneyPlant NCMC Contactless RuPay Platinum International Debit Card
Indusind Indus Solitaire Credit Card,KBL MoneyPlant RuPay PMJDY Debit Card
SBM Paisabazaar Step-Up Credit Card,KBL MoneyPlant RuPay International Platinum Debit Card
Indusind InterMiles Odyssey Amex Credit Card,KBL MoneyPlant NCMC RuPay Domestic Debit Card
Aditya Birla SBI Card Select,KBL MoneyPlant Visa International Debit Card
HDFC Pixel Play Credit Card,KBL Family Select Debit Card
RBL Bank DMI Finance Credit Card,KBL Woman Platinum Debit Card
SBI Card Unnati,IDBI Bank VISA Signature PayWave Debit Card
Yes Prosperity Edge Credit Card,IDBI Bank VISA Platinum PayWave Debit Card
Bajaj Finance Myfirst Super Card,IDBI Bank RuPay Platinum Debit Card
Paytm HDFC Bank Select Business Credit Card,IDBI Bank VISA Gold Debit Card
Dhanlakshmi Platinum Credit Card,IDBI Bank Mastercard Gold Debit Card
PNB VISA Gold Card,IDBI Bank RuPay Platinum NCMC Card
Emirates Skywards ICICI Bank Emerald Credit Card,IDBI Bank RuPay Classic NCMC Card
"Tata Neu Plus SBI Card
",IDBI Bank VISA Classic PayWave Debit Card
AU LIT Credit Card,IDBI Bank Mastercard Classic Debit Card
Yes Bank Finbooster Credit Card,IDBI Bank RuPay Classic Debit Card
Bajaj Finance Platinum Shopgain Super Card ,IDBI Bank VISA Women's PayWave Debit Card
IDBI Imperium Platinum,IDBI Bank RuPay Women's Debit Card
Fed Starbiz Rupay Credit Card,IDBI Bank VISA Being Me PayWave Debit Card
Yes Bank Wellness Credit Card,IDBI Bank VISA Kids PayWave Debit Card
DBS Spark Credit Card,IDBI Bank RuPay Kids Debit Card
Union Bank of India Visa Signature Credit Card,IDBI Bank RuPay Mudra Debit Card
Yes Private Prime Credit Card,IDBI Bank RuPay Kisan Card
Paytm HDFC Bank Mobile Credit Card,IDBI Bank RuPay PMJDY Card
Club Vistara SBI Card Prime,RBL Bank Enterprise Debit Card
Yes Bank Wellness Plus Credit Card,RBL Bank Signature+ Debit Card
IRCTC Bobcard,RBL Bank Pinnacle Debit Card
InterMiles HDFC Bank Signature Credit Card,RBL Bank Crest Debit Card
Yes Prosperity Reward Credit Card,RBL Bank GO Debit Card
Bajaj Finserv DBS Bank 5X Plus Rewards Supercard,RBL Bank Next Debit Card
Tata Neu Infinity SBI Card ,RBL Bank Signature Debit Card
World Prime Super Card,RBL Bank Platinum First Debit Card
HDFC Diners Club Privilege Credit Card,RBL Bank Titanium First Debit Card
HDFC Bank Biz First Credit Card,RBL Bank Woman's First Debit Card
SBM Gild Credit Card,RBL Bank FINJA Debit card
Axis Bank Miles And More World Select Credit Card,RBL Bank Business First Debit Card (Maestro Account)
Snapdeal Bobcard,RBL Bank Business First Debit Card
Bandhan Bank Xclusive Credit Card,RBL India Startup Club Business Debit Card
Indianoil RBL Bank Xtra Credit Card,RBL Platinum Debit Card
Shaurya Select SBI Credit Card,RBL Classic Debit Card
IRCTC SBI Card Premier,RBL Rupay Debit Card
UCO Bank SimplySAVE SBI Card,RBL Rupay Kisan Debit Card
IndusInd Tiger Credit Card,Axis Bank Burgundy Private Debit Card
Poonawalla Fincorp IndusInd Bank eLITE RuPay Credit Card,Axis Bank Kisan Debit Card
HDFC Bank Platinum Times Credit Card,Axis Bank PMJDY Rupay Debit Card
Doctor's SBI Card ,Axis Bank Flipkart Debit Card
Lifestyle Home Centre SBI Card,Axis Bank Republic Debit Card
IndusInd InterMiles,Axis Bank Delight Debit Card
RBL Bank World Plus Credit Card  ,Axis Bank Value Plus Credit Card
Indianoil HDFC Bank Credit Card,Axis Bank Online Rewards Debit Card
PNB Patanjali Rupay Select Card,Axis Bank Burgundy Debit Card
IRCTC HDFC Bank Credit Card,Axis Bank Priority Debit Card
HDFC Bank Business Gold Credit Card,Axis Bank Sampann Debit Card
Titan SBI Credit Card,Axis Bank Prestige Debit Card
MakeMyTrip ICICI Bank Credit Card,Axis Bank E-Debit Card
,Axis Bank Liberty Debit Card
CSB Onecard Credit Card,Axis Bank Burgundy World Debit Card
RBL Bank World Plus MasterCard Credit Card ,Axis Bank Business Classic Debit Card
Karnataka Bank Simplysave SBI Card,Axis Bank Business Platinum Debit Card
The PNB Global Platinum Credit Card,Axis Bank Business Supreme Debit Card
Indusind Indulge Credit Card,Axis Bank Reward+ Debit Card
HDFC Pixel Go Rupay Credit Card ,Axis Bank Secure+ Debit Card
KVB Corporate Credit Card,Axis Bank Rupay Platinum Debit Card
Yes Bank Anq Pi Credit Card,Axis Bank Power Salute Debit Card
Federal Bank Visa Celesta,Axis Bank Titanium Rewards Debit Card
Indusind Platinum Aura Edge Credit Card,Axis Bank Titanium Prime Debit Card
Unnati Bobcard,Axis Bank Wealth Debit Card
Axis Bank Magnus Credit Card,Axis Bank Display Debit Card
HDFC Bank Titanium Times Card,Axis Bank Youth Debit Card
ICICI Bank Platinum Chip Credit Card ,Axis Bank Arise Debit Card
Max SBI Credit Card,Axis Bank NRI Domestic Titanium Debit Card
RBL Bank Insignia Preferred Banking Card,Axis Bank Titanium Prime Plus Debit Card
PSB SBI Card Elite,Axis Bank Titanium Prime Debit Card
Yes Bank BYOC Credit Card,Axis Bank Visa Classic Debit Card
Axis Bank Neo Credit Card,Axis Bank Visa Platinum Debit Card
Canara Bank Mastercard World Credit Card,Axis Bank RuPay Platinum NRO Debit Card
Indusind Bank Avios Visa Infinite Credit Card,Axis Bank Smart Privilege Debit Card
IDFC First Wow Credit Card,Kotak Solitaire Debit Card
Spicejet Axis Bank Voyage Credit Card,Kotak Privy Neon League Debit Card
RBL Bank Platinum Shopsmart Credit Card ,"Kotak Business Privy League Neon Platinum
"
Ikea Family Citi Credit Card,"Kotak Privy League Black Debit Card
"
HDFC Bank Moneyback Plus Credit Card,Kotak Privy League Platinum Debit Card
Federal Bank Rupay Signet Credit Card,Kotak Infinite Debit Card
Bajaj Finance Binge Supercard,Kotak PVR Debit Card
Bajaj Finserv DBS Bank 7X Rewards Supercard,Kotak Signature Pro Debit Card
Union Bank Rupay Platinum Credit Card,Kotak Rupay Debit Card
Swavlamban Bobcard,Kotak 811 Infinite Metal Debit Card
FabIndia SBI Card Select,Kotak #811 Dream Different Debit Card
Cashback SBI Credit Card,"Kotak Privy League Signature Debit Card 
"
RBL Bank Platinum Choice Credit Card,Kotak Silk Platinum Debit Card
Karnataka Bank SimplySave SBI Card,Kotak Business Power Platinum Debit Card
Max SBI Card Prime,Kotak Everyday Debit Card
Paytm HDFC Bank Select Credit Card,Kotak Classic One Debit Card
Shoppers Stop BLACK HDFC Bank Credit Card,Kotak World Debit Card
Doctor's SBI Card (In Association With IMA),Kotak Junior Debit Card
Axis Bank Pride Platinum Credit Card,Kotak #PayShopMore Debit Card
Paytm SBI Card Select,Kotak Privy League Platinum Debit Card
ICICI Bank Sapphiro Credit Card,"Kotak Gold Debit Card 
"
SBI Pulse Credit Card ,Kotak Jifi Platinum Debit Card
RBL Bank VCard,"Kotak Business Class Gold Debit Card
"
Simplyclick Advantage SBI Card,Kotak Platinum Debit Card
Federal Bank Scapia Credit Card,AU Ivy Eternity Royale Debit Card
Aditya Birla SBI Card,AU Royale Business Debit Card
Axis Bank Rewards Credit Card,AU Visa Business Gold Debit Card
DBS Spark 10 Mastercard Credit Card ,AU Royale Debit Card
Kotak 811 Credit Card,AU Visa Gold Debit Card
Bajaj Finance Platinum Max Supercard,AU Platinum Debit Card
Canrara Bank Visa Gold Credit Card,AU Royale World Debit Card
SIB Onecard Credit Card,AU RuPay Platinum Debit Card
HSBC Live+ Credit Card,AU RuPay Classic Debit Card
HSBC Premier Mastercard Credit Card,AU Visa Business Platinum Debit Card
Reliance SBI Card Prime,AU Mastercard Platinum Debit Card
6E Rewards XL IndiGo HDFC Bank Credit Card,Equitas Visa Classic Debit Card
RBL Bank World Max MasterCard Credit Card,Equitas Visa Platinum Debit Card
SBM Kredit.Pe Credit Card,Equitas Visa Signature Debit Card
Standard Chartered Super Value Titanium Credit Card,Equitas Visa Gold Debit Card
Bandhan Bank One Credit Card,Equitas Rupay Classic Debit Card
Simplysave Advantage SBI Card,Equitas Rupay Platinum Debit Card
Flipkart Axis Bank Superelite Credit Card,Equitas RuPay Insta Classic Saving Debit Card 


KVB Honour Credit Card,Equitas RuPay Insta Classic Current Debit Card


Air India SBI Platinum Credit Card,Capital Classic Debit Card
City Union Bank SBI Simplysave Credit Card,Capital Classic Business Debit Card
CUB - SBI Simply SAVE Card,Capital Platinum Debit Card
Kotak Mojo Platinum Credit Card,Capital Platinum Business Debit Card
HDFC Bank UPI RuPay Biz Credit Card,Capital International Platinum Debit Card
HDFC Bank MoneyBack Plus RuPay Credit Card,Capital Virtual Debit Card
RBL Bank Platinum Prime Credit Card ,Utkarsh RuPay Classic Domestic Debit Cards
Spar SBI Card Select,Utkarsh RuPay Platinum Domestic Debit Cards
IRCTC SBI Platinum Card,Utkarsh RuPay Select International Contactless Debit Cards
Intermiles HDFC Bank Diners Club Credit Card,Utkarsh Mastercard Gold International Contactless Debit Cards
RBL Bank Patanjali Swarn RuPay Card,Utkarsh Mastercard Platinum International Contactless Debit Cards
ICICI Bank Coral Credit Card,Utkarsh RuPay Classic International Contactless Debit Card
Platinum Prime SuperCard,Utkarsh RuPay Platinum International Contactless Debit Card
IDFC First Private Credit Card,Shivalik RuPay Classic Debit Card
Indian Army Yoddha Bobcard,Shivalik RuPay Platinum Debit Card
HPCL BoB ENERGIE,Airtel APBL Platinum Debit Card  Personalized
Tata Card Select,Airtel Personalized Classic Debit Card
J&K Bank Platinum Credit Card,Airtel Insta Classic Debit Card (non-personalized)
Platinum ValuePlus SuperCard,Airtel Business (Corporate) Debit Card
Flipkart Axis Bank Credit Card ,Airtel Wearable Debit Card (smartwatch/band form factor)
Apollo SBI Card Select,Airtel Transit Debit Card (NCMC-enabled)
RBL Bank Platinum ShopDaily Visa Credit Card,Airtel Virtual Debit Card (digital-only via Airtel Thanks app)
PNB Rakshak Rupay Platinum Card,Airtel Eco-friendly Debit Card
IndianOil HDFC Bank RuPay Credit Card ,Fino Platinum Debit Card
HSBC TravelOne Credit Card,Central Bank Rupay Select Wellness Card
IndusInd Bank Club Vistara Explorer Credit Card ,Central Bank Rupay Platinum Debit Card
Indusind Eazydiner Platinum Credit Card ,Central Bank Rupay Classic Debit Card
Indianoil Kotak Credit Card,Central Bank Business Card
RBL Bank World Prime Credit Card ,Central Bank Visa Platinum Card
Tata Neu Plus Visa SBI Card,Bank of India Master Titanium Debit Card
ICICI Bank Emeralde Credit Card,Bank of India RuPay Sangini Debit card
Tata Platinum Card Select,Bank of India Rupay PMJDY Debit card
IndianOil RBL Bank RuPay Credit Card,Bank of India Rupay Mudra Debit card
Bajaj Finserv DBS Bank 10X Plus Signature SuperCard,Bank of India Rupay Kisan Debit card
Axis Bank Privilege Credit Card,Bank of India Rupay Punjab Arthia card
HDFC Pixel Go Credit Card ,Bank of India VISA Classic Debit Card
Rupay Select Credit Card,Bank of India Rupay NCMC Debit Card
IndianOil RBL Bank XTRA RuPay Credit Card,Bank of India Master Bingo Debit card
Aurum Credit Card,Bank of India Visa Bingo Debit Card
RBL Bank World Max Credit Card  ,Canara Bank Rupay Select Debit Card
Simplyclick SBI Card,Canara Bank Mastercard World Debit Card
IndusInd Intermiles Odyssey Visa Credit Card ,Canra Bank Visa Platinum Debit Card
Tata Neu Plus HDFC Bank Credit Card ,Canara Bank Rupay Platinum International Debit Card
RBL Bank Platinum Plus Credit Card  ,Canara Bank Mastercard World NRI Platina Debit Card
SBM Magnet Credit Card,Canara Bank Visa Classic Debit Card
IndusInd Celesta American Express Credit Card,Canara Bank Rupay Platinum Domestic Debit Card
Ixigo AU Travel Credit Card,Canara Bank Mastercard Platinum Women Debit Card
Lifestyle Home Centre SBI Card Prime,Canara Bank Mastercard Platinum Millennial Debit Card
IDFC First Ashva Credit Card,Canara Bank Rupay Classic Debit Card
PNB RuPay Platinum Credit Card,Canara Bank Mastercard Platinum Debit Card
American Express Smartearn Credit Card,Canara Bank Mastercard Business Debit Card
6E Rewards Indigo HDFC Bank Credit Card,Canara Bank MasterCard Standard Debit Card
ICICI Parakram Select Credit Card,Indian Bank RuPay Platinum Card (Contact)
LIC Axis Bank Platinum Credit Card,Indian Bank RuPay Platinum Card (Contactless)
IndusInd Eazydiner Credit Card,Indian Bank Rupay International Platinum Card (Contact)
Prime Bobcard,Indian Bank RuPay Debit Select Card (Contactless)
RBL Bank Bankbazaar Savemax Credit Card,Indian Bank Rupay Classic contactless card (NCMC)
Kotak Urbane Gold Credit Card,Indian Bank DIGI- RuPay Classic Card
Bajaj Finance Platinum Choice Super Card,Indian Bank DIGI- Rupay Classic Card (Contactless)
Emirates Skywards Rubyx Credit Card,Indian Bank Senior Citizen Debit Card (Contact)
Karnataka Bank SBI Card Prime,Indian Bank PMJDY Card (Contact)
RBL Bank World Prime Visa Credit Card ,Indian Bank PMJDY Card (Contactless)
Bank of India Visa Gold Credit Card,Indian Bank Kalaignar Magalir Urimai Thittam (KMUT) Scheme Cards  Contactless
City Union Bank SBI Card Prime,Indian Bank Rupay Kisan Card
SBI Card Elite,Indian Bank MasterCard World (Contact)
RBL Bank Platinum Maxima Credit Card,Indian Bank MasterCard World Platinum (Contactless)
Canara Bank Visa Platinum Credit Card,Indian Bank MasterCard E  purse Debit Card
Yes Prosperity Cashback Credit Card,Indian Bank MUDRA Card (Micro Units Development and Refinance Agency)
ICICI Bank Manchester United Signature Credit Card,Union Bank HNI Emperio Metal Debit Card
Federal Bank Wave Credit Card ,Union Bank Rupay Empower Her Debit Card
ICICI Bank Expressions Credit Card,Union Bank Qsparc Debit Card (Rupay)
Spar SBI Card,Union Bank of India Business Debit Card (Platinum)
YES Bank Marquee Credit Card,Union Bank of India Classic Debit Card Rupay
RBL Bank Binge MasterCard Credit Card    ,Union Bank of India Classic Debit Card Visa
Bank of India Rupay Platinum Credit Card,Union Bank of India Platinum Debit Card
ICICI Parakram Credit Card,Union Bank of India Contactless Debit Card Visa
RBL Bank EasySaver Credit Card  ,Union Bank of India Signature Contactless Debit Card (Visa)
RBL Bank SalarySe Up RuPay Credit Card,Union Bank of India Rupay Select Debit Card
Bank of India SwaDhan Rupay Platinum Credit Card ,Union Bank of India Business Platinum Debit Card
Kotak League Platinum Credit Card,Union Bank of India Rupay JCB Platinum Urnro and Urnre
TVS Credit RBL Bank Card ,SBI Premier Diamond Platinum Debit Card
IRCTC RBL Bank Credit Card,SBI Govt Rupay Debit Card
PNB EMT Rupay Platinum Credit Card,SBI Wealth Rupay Debit Card
RBL Bank Play Credit Card,SBI Virtual Debit Card
Karur Vysya Bank SBI Platinum Credit Card,SBI Global International Debit Card
ICAI Exclusive Bobcard,SBI Platinum International Debit Card
Yes Prosperity Cashback Plus Credit Card,SBI My Card International Debit Card
Axis Bank Signature Credit Card,SBI IOCL Co-Branded Contactless RuPay Debit Card
Max SBI Card Select,SBI Gold International Debit Card
RBL Bank Cookie Credit Card,SBI Nari Shakti Platinum Debit Card
Axis Bank Freecharge Plus Credit Card,SBI Pragati Platinum Debit Card
UCO Bank SBI Card Prime,SBI Mastercard World Debit Card
Intermiles Amex Voyage Credit Card,SBI HPCL Co-Branded Debit Card (Everyday Card)
Tata Star Select Credit Card,SBI One Touch Debit Card
HSBC Taj Credit Card,Bank of Baroda Bhoomi RuPay Select Debit Card
Mastercard Platinum Credit Card,Bank of Baroda EaseMyTrip Debit Card
Tata Titanium Card,Bank of Baroda World VISA Opulence Debit Card
Marriott Bonvoy HDFC Bank Credit Card,Bank of Baroda RuPay Select Debit Card
UCO Bank SimplySAVE SBI card,Bank of Baroda Visa Platinum Debit Card
American Express Membership Rewards Credit Card,Bank of Baroda MasterCard Platinum Debit Card
ICICI Bank Times Black Credit Card,Bank of Baroda Rupay Platinum Debit Card
Axis Bank Platinum Credit Card ,Bank of Baroda VISA Vyapaar Debit Card
Axis Bank Shoppers Stop Credit Card,Baroda BPCL Debit Card
Adani One ICICI Signature Credit Card ,Bank of Baroda World Yoddha Debit Card
Axis Bank Vistara Credit Card,Bank of Baroda World Agniveer Debit Card
LIC Axis Bank Signature Credit Card,Bank of Baroda Visa Classic Debit Card
Bajaj Finance Platinum TravelEasy SuperCard,Bank of Baroda MasterCard Classic Debit Card
CUB SBI Prime Card,Bank of Baroda Rupay Classic Debit Card
Chennai Super Kings ICICI Bank Credit Card.,"Bank of Baroda RuPay Qsparc NCMC Debit Card 
"
ICICI Bank Coral RuPay Credit Card ,Bank of Baroda World VISA Sapphire Debit Card
Axis Bank Freecharge Credit Card,Bank of Baroda Virtual Debit Card
Yes EMI Credit Card ,Bank of Baroda inSIGHT Braille Debit Card
Yes Reserv Credit Card,Bank of Baroda Mastercard World Debit card
HDFC Bank Biz Grow Credit Card,UCO Bank RuPay Platinum Insta Contactless Debit Card
SimplySave SBI Card,UCO RuPay Platinum Personalised Contactless Debit Card
 HDFC Biz Black Metal Edition Credit Card,UCO Bank RuPay Select Personalised Debit Card
RBL Bank EasySaver Visa Credit Card ,UCO Bank Visa Personalised Contactless Debit Card
Assam Rifles The Sentinel Bobcard,UCO Bank VISA Personalised International Debit Card
RBL Bank Platinum Choice Visa Credit Card   ,UCO Bank RuPay Platinum International Debit Card
ICICI HPCL Coral Credit Card,UCO Bank RuPay Metal ETERNA Debit Card
First Citizen Citi Credit Card ,UCO Bank Aprajita Debit Card
Standard Chartered Easemytrip Credit Card,PNB Rupay NCMC Classic Debit Card
Axis Bank Pride Signature Credit Card,PNB Rupay NCMC Platinum Domestic Debit Card
Canara Bank Rupay Platinum Secured Credit Card,PNB Rupay NCMC Platinum International Debit Card
HDFC Bank Freedom Credit Card,PNB Rupay Select Debit Card
Central Bank of India SBI Prime Card ,PNB Rupay Women Power Platinum Debit Card
ICICI Bank Rubyx Credit Card,PNB Business Platinum NCMC Debit Card
RBL Bank MyFirst Mastercard Credit Card   ,PNB Visa Classic Debit Card
HDFC Bank Biz Power Visa Credit Card ,PNB Visa Gold Debit Card
 CSC Small Business MoneyBack Credit Card,PNB Visa Signature Debit Card
Ola Money SBI Credit Card,PNB MasterCard Classic Debit Card
HDFC Millennia Credit Card,PNB MasterCard Platinum Debit Card
Club Vistara SBI Card,PNB MasterCard Business Debit Card
Central Bank of India SBI Elite Credit Card,PNB Rupay Classic Virtual Debit Card
Union Bank of India Visa Gold Credit Card,PNB Rupay Select Neo Debit Card
ICSI Diamond Bobcard,PNB Rupay Select Excel Debit Card
RBL Bank Platinum Edge MasterCard ,PNB Rupay Select Optima Debit Card
Indusind Samman RuPay Credit Card ,PNB Rupay Select Imperial Debit Card
Tata Star Card Select,PNB Rupay Select Rakshak Debit Card
DBS Spark 10 Credit Card  ,PNB Rupay Select Rakshak Optima Debit Card
DBS Spark 20 Visa Credit Card,PNB Rupay Select Rakshak Imperial Debit Card
City Union Bank SimplySAVE SBI Card,PNB Rupay Select Samriddhi Debit Card
Federal Bank AmpliFi Credit Card ,PNB Rupay Platinum Harit Debit Card
Adani One ICICI Platinum Credit Card ,PNB Rupay Platinum Pearl Debit Card
Myntra Kotak Credit Card,PNB Rupay Platinum Emerald Debit Card
Indusind Crest Credit Card,PNB Rupay Platinum Solitaire Debit Card
Bank of Baroda EASY Credit Card,PNB Rupay Platinum Vishwas & Varishth Debit Card
HDFC Moneyback Credit Card,PNB Rupay Platinum Vaibhav Debit Card
Indusind Pioneer Heritage Credit Card,PNB Rupay Palaash Recycled PVC Debit Card
RBL Bank MoneyTap Credit Card,PNB Rupay Antah Drishti Braille Debit Card
RBL Bank Icon Credit Card,PNB Pay ON-THE-GO Wearable Debit Card
IDBI Euphoria World Credit Card,PNB MasterCard World Grand Debit Card
Union Bank of India Rupay Select Credit Card,PNB MasterCard Platinum Rise Debit Card
RBL Bank Platinum Shopgain  Credit Card,PNB MasterCard Platinum Grow Debit Card
Paytm SBI Credit Card,PNB MasterCard Classic Domestic Debit Card
BPCL SBI Credit Card,PNB MasterCard Classic International Debit Card
IDFC First Power+ Credit Card,SIB Rupay Kisan Debit Card
Lifestyle Home Centre SBI Card Select,SIB Rupay Mudra Debit Card
Kotak IndiGo 6E Rewards XL Credit Card,SIB Rupay PMJDY Debit Card
IDFC First SWYP Credit Card,SIB RuPay Classic NCMC Debit Card
RBL Bank Monthly Treats Credit Card  ,SIB Visa Classic Debit Card
RBL Bank Platinum ShopDaily Credit Card ,SIB MasterCard Titanium Debit Card
Axis Bank Titanium Smart Traveller Credit Card,SIB RuPay Platinum EMV Debit Card
Axis Insta Easy Credit Card,SIB Rupay Platinum Explorer NCMC Debit Card
South Indian Bank SBI Platinum Credit Card,SIB MasterCard Platinum Debit Card
HDFC All Miles Credit Card,SIB Visa Platinum Debit Card
HDFC Bank World Mastercard Credit Card,SIB Visa Platinum EMV NFC
IDFC First Wealth Credit Card,SIB MasterCard Platinum Business Debit Card
RBL Bank MyFirst Credit Card  ,SIB MasterCard World Debit Card
Airtel Axis Bank Credit Card,SIB Visa Signature NFC Debit Card
RBL Bank iGlobe Credit Card ,IDFC First Private Debit Card
YES Bank Paisabazaar Paisasave Credit Card,IDFC First Wealth Debit Card
IDFC Mayura Credit Card,IDFC First Select Debit Card
IndianOil RBL Bank Credit Card,IDFC World Debit Mastercard Debit Card
RBL Bank Paisabazaar Duet Plus Card,IDFC Visa Signature Debit Card
ICICI Bank HPCL Super Saver RuPay Credit Card,IDFC Visa Platinum Debit Card
Yatra SBI Card,IDFC Visa Classic Debit Card
IndusInd Bank Platinum RuPay Credit Card,IDFC RuPay Platinum Debit Card
Axis KWIK Credit Card ,IDFC RuPay Classic Debit Card
Canara Bank Visa Corporate Credit Card,IDFC Visa Platinum Business Debit Card
BPCL SBI Card Octane,IDFC Visa Signature Business Debit Card
TVS Credit RBL Bank Gold Mastercard Card ,HDFC Platinum Debit Card
Indusind Platinum Visa Credit Card,HDFC Imepria Platinum Debit Card
HDFC Diners Club Black Credit Card,HDFC Preferred Platinum Debit Card
Reliance SBI Card,HDFC Classic Platinum Debit Card
Tata Croma Card Select,HDFC Vishesh Platinum Debit Card
IDFC First Select Credit Card,HDFC GIGA Business Debit Card
RBL Bank MoneyTap Black Card,HDFC Millennia Debit Card
IDFC First Classic Credit Card ,HDFC MoneyBack Debit Card
IndusInd ePay Amex Credit Card,HDFC Infiniti Debit Card.
Rupay Platinum Credit Card,HDFC EasyShop Imperia Platinum Debit Card
IDFC First Earn RuPay Credit Card,HDFC EasyShop Preferred Platinum Debit Card
Etihad Guest Premier SBI Card,HDFC EasyShop Classic Platinum Debit Card
AU Bank Altura Plus Credit Card ,HDFC EasyShop Platinum Debit card
Bajaj Finance EasySaver Super Card,HDFC EasyShop Vishesh Debit Card
Intermiles HDFC Bank Platinum Credit Card,HDFC Bank Times Points Debit Card
Axis Bank Vistara Signature Credit Card,HDFC Bank Rewards Debit Card
Axis Bank MY Zone Credit Card,HDFC Business Debit Card
PSB SimplySave SBI Card,HDFC Rupay Platinum Debit Card
UNI Carbon Credit Card.,HDFC Rupay NRO Debit Card
Equitas Elegance Credit Card,HDFC Regular Debit Card
HDFC Bank Business Regalia First Credit Card,HDFC Easyshop Woman's Advantage Debit card
Air India SBI Signature Card,HDFC Titanium Royale Debit Card
American Express Platinum Travel Credit Card,HDFC Titanium Debit Card
Platinum LifeEasy SuperCard.,HDFC Visa NRO Debit Card
IndusInd Pioneer Legacy Credit Card,HDFC Kids Advantage Debit Card
HDFC Bank Biz Grow Credit Card ,HDFC RuPay PMJDY Debit Card
PNB Rupay Millennial Card,IPPB Rupay Virtual Debit Card
Spar SBI Card Prime,Yes Private Debit Card
Yes Prosperity Reward Plus Credit Card,Yes First Debit card
Flipkart Wholesale HDFC Bank Credit Card,Yes Apex International Debit card
AU Zenith Credit Card ,Yes Apex International Metal Debit card
Eterna Bobcard,Yes Engage Debit Card
RBL Bank Binge Credit Card     ,Yes Element Debit Card
American Express Gold Charge Card,Yes Elegance Debit Card
Yes Bank Card Anq Phi Credit  Card,Yes Grandeur International Debit Card
CITI Prestige Credit Card,Yes Explore Debit Card
HDFC Bank Biz Power Credit Card,YES Premia Debit Card
KVB SBI Signature Card,Yes Bank PMJDY Rupay Chip Debit Card
Karnataka Bank SBI Card Prime,Yes Venture Business Debit card
UCO Bank SBI Card Elite,YES First Business Debit Card
Kotak IndiGo 6E Rewards Credit Card ,YES Healthfit Debit Card
Indian Navy Varunah Premium Bobcard,YES Reflection Image Debit card
Kotak Zen Signature Credit Card,YES Aura International Debit Card
Standard Chartered Rewards Credit Card,YES Spirit Debit Card
IndianOil Axis Bank Credit Card,YES Upgrade Venture Business Debit Card
CMA One Bobcard,Federal Visa Celesta Contactless Debit Card
Platinum Advantage SuperCard,Federal Visa Imperio Contactless Debit Card
RBL Bank Platinum ShopSmart MasterCard Credit Card  ,Federal Visa Crown Contactless Debit Card
ICICI Bank Manchester United Platinum Credit Card,Federal Visa FedFirst Contactless Debit Card
Shaurya SBI Card,Federal Mastercard Celesta Contactless Debit Card
SBI Card Prime Advantage ,Federal Mastercard Imperio Contactless Debit Card
SBI Card Miles,Federal Mastercard Crown Contactless Debit Card
Airtel Axis Bank RuPay Credit Card ,Federal Rupay Crown Debit Card
South Indian Bank Simplysave SBI Card,Federal Rupay Platinum Contactless Debit Card
RBL Platinum Maxima Plus Card,"Federal RuPay PMJDY Debit Card 
"
Bank of India Master Platinum International Credit Card,Dhanlaxmi Visa Debit Card
CITI Rewards Credit Card ,Dhanlaxmi RuPay Platinum International Debit Card
Paytm HDFC Bank Business Credit Card,Dhanlaxmi RuPay Classic International Debit Card
Bank of Baroda ETERNA Credit card,Dhanlaxmi RuPay Classic Debit Card
Amazon Pay ICICI Bank Credit Card,Dhanlaxmi RuPay PMJDY Debit Card
IDBI Aspire Platinum,DCB RuPay Platinum Debit Card
American Express Platinum Reserve Credit Card,DCB Visa Platinum Debit Card
Platinum Shopsmart SuperCard,DCB RuPay Platinum Debit Card (Basic)
Federal Bank MagniFi Credit Card ,KVB Debit Card for Savings / Current Account
ICICI Bank Sapphiro Credit Card,KVB Prestige Debit Card
Canara Bank VISA Classic Credit Card,KVB Pride Platinum Debit Card
AU Altura Credit Card,KVB Pride Platinum Debit Card
Samsung Axis Bank Signature Credit Card,J&K MasterCard World Debit Card
RBL Bank Platinum Bonus Credit Card  ,J&K MasterCard Platinum Debit Card
Axis Horizon Mastercard Credit Card,J&K MasterCard Global Debit Card (Instant / Personalised)
Bankbazaar Savemax Pro Credit Card,J&K Visa Global Debit Card
VISA Gold Secured Credit Card,J&K RuPay Classic (Personalised/ Instant)
Bajaj Finserv DBS Bank 5 X Super Card,J&K RuPay PMJDY (Instant / Personalised)
Tata Croma Card ,J&K RuPay Mudra
SBM Onecard Credit Card,J&K RuPay Kissan
AU Bank Zenith+ Credit Card,J&K Mastercard Muhafiz Card
Platinum Bonus SuperCard,TMB Smart Shopper Visa Debit Card
World Plus SuperCard,TMB My Delight Card
RBL Bank Platinum Shopgain Visa Credit Card  ,TMB Select International Debit Card
KVB Platinum Credit Card,TMB Picture Card
Axis Bank Select Credit Card,TMB Classic Non-Photo Card
Standard Chartered Platinum Rewards Credit Card,TMB Kisan Card
RBL Bank Lazy Pay Credit Card ,TMB PMJDY Card
PSB SBI Card Prime,TMB Mudra Card
IRCTC Rupay SBI Card,TMB International Card
IDFC First Power Credit Card ,TMB Visa Platinum Business Debit Card
ICICI Bank HPCL Super Saver Credit Card,TMB Platinum Business Debit Card
Standard Chartered Smart Credit Card,City Union Visa classic Debit Card
Indusind Pinnacle Credit Card ,City Union Visa Gold Debit Card
Karur Vysya Bank SBI Gold Card,City Union Visa Platinum Debit Card
HDFC Bank Harley-Davidson Diners Club Credit Card ,City Union Rupay Classic Debit Card
PNB Patanjali Rupay Platinum Card,City Union Rupay PMJDY Debit Card
SBM Credilio Secured Credit Card,City Union Mastercard Debit Card
Bajaj Finserv DBS Bank 10X Signature SuperCard,Nainital RuPay Debit Card (standard)
RBL Bank Patanjali Vishisht RuPay Card ,Nainital Contactless Debit Card
Accelero ICICI Bank Credit Card,Nainital Maestro Debit Card
Tata Neu Infinity HDFC Bank Credit Card,Nainital Mastercard Debit Card
Tata Neu Infinity RuPay SBI Card,Nainital Visa Debit Card
ICICI Bank Rubyx RuPay Credit Card ,Nainital Visa Electron Debit Card
Axis Bank Reserve Credit Card,ICICI Coral Paywave Business Debit Card
Kotak 811 Dream Different Credit Card,ICICI Bangalore Metro Coral Debit Card
RBL Bank Platinum ValuePlus Credit Card ,ICICI Coral Paywave Debit Card
SBM UNI card,ICICI DMRC Coral Debit Card
Axis Bank SpiceJet Voyage Black Credit Card,ICICI Expression Paywave Debit Card
UCO Bank SBI Card Elite,ICICI Expression Coral Debit Card
Niyo SBM Global credit card,ICIC Expression Sapphiro Debit Card
RBL Bank Novio RuPay Credit Card,ICICI Coral Debit Card
South Indian Bank SimplySave SBI Card,ICICI Sapphiro Business Debit Card
HDFC H.O.G. Diners Club Credit Card,ICICI Expressions Coral Business Debit Card
AU Vetta Credit Card,ICICI Expression Business Debit Card
J&K Bank World Credit Card,ICICI Coral Business Debit Card
Axis Bank Atlas Credit Card,ICICI Titanium Business Debit Card
AU Bank InstaPay Credit Card,ICICI Gold Business Debit Card
Yes ELITE + Credit Card,ICICI Wealth Management World Debit Card
CITI Cashback Credit Card,ICICI Private Banking Visa Infinite Debit Card
Mastercard Gold Credit Card,ICICI Family Debit Card
American Express Platinum Charge Card,ICICI Expressions Debit Card
Axis Bank Aura Credit Card,ICICI Coral Plus Debit Card
Kotak White Credit Card,ICICI Coral Paywave Contactless Debit Card
RBL Bank Platinum ValuePlus MasterCard Credit Card  ,ICICI Rubyx Debit Card
Central Bank Of India SimplySave SBI Card,ICICI Sapphiro Debit Card
RBL Bank Movies and More Credit Card,ICICI Platinum Chip Debit Card
Canara Bank Mastercard Gold Secured Credit Card,ICICI Titanium Debit Card
RBL Bank Platinum Plus Visa Credit Card ,ICICI RuPay Contactless NCMC Debit Card
RBL Bank Shoprite Credit Card,ICICI NRE / NRO Debit Card
Fibe Axis Bank Credit Card ,BOM Rupay Classic Card Debit Card
Canara Bank Mastercard Standard Credit Card Review,BOM Rupay Select Card Debit Card
Equitas Excite ,BOM Rupay Platinum Card Debit Card
Bank of Baroda Premier Credit card,BOM Rupay Petro Card Debit Card
Indusind Legend Credit Card,BOM Visa Classic Card Debit Card
ICICI Bank Instant Platinum Credit Card,BOM Rupay PMJDY Card Debit Card
Bajaj Finance Platinum Shopdaily Supercard,IOB Visa Business Platinum Contactless
Axis Bank Ace Credit Card,IOB Visa Platinum (contactless)
IDFC Bank First Millennia Credit Card ,IOB Visa Classic (Contactless)
PNB Rupay Select Card,IOB Visa Gold
KrisFlyer SBI Card,IOB Visa Singature
DBS Vantage Card,IOB Visa Business
BOB Assure Credit Card,IOB Rupay Classic
Etihad Guest SBI Card,IOB Rupay Platinum
RBL Bank Play Credit Card,IOB Rupay Select
,IOB Rupay Kisan
Standard Chartered Ultimate Credit Card,IOB Rupay PMJDY
HDFC Regalia Gold Credit Card,IOB Mastercard World
RBL Bank Platinum Delight Credit Card ,IOB Mastercard Platinum
SBI Card Prime,IOB Mastercard Gold
Tata Neu Infinity HDFC Bank RuPay Credit Card,IOB Rupay Mudra EMV
HSBC Visa Platinum Credit Card,PSB Rupay Classic Debit Card
RBL Bank World Safari Credit Card,PSB RUpay Platinum Debit Card
Federal Bank Mastercard Signet,PSB Rupay Platinum Women Debit Card
Axis Bank My Wings Credit Card,PSB Rupay Select Debit Card
HDFC Swiggy Credit Card ,PSB Rupay Classic International Debit Card
IDBI Royale Signature Credit Card,DBS Signature Visa Debit Card
Bandhan Bank Plus Credit Card,DBS EaseMyTrip Green (Visa Signature).
Platinum Classic SuperCard,DBS Visa Infinite Debit Card (Treasures)
RBL Bank Platinum Advantage Credit Card   ,DBS Visa Business Debit Card
,DBS Visa Platinum
,DBS Visa Classic
,DBS BigBasket Visa Classic
,DBS RuPay Platinum
,DBS RuPay Classic
,Indusind Bank Delights Debit Card
,Indusind Bank VISA Signature Debit Card
,Indusind Bank Pioneer Private Infinite Debit Card
,Indusind Bank Pioneer Infinite Debit Card
,Indusind Bank World Exclusive Debit Card
,Indusind Bank Signature Exclusive Visa Debit Card
,Indusind Bank Platinum Exclusive Debit Card
,Indusind Bank World Select Debit Card
,Indusind Bank Signature Select Visa Debit Card
,Indusind Bank Platinum Select Debit Card
,Indusind Bank Visa Signature Supreme Debit Card
,Indusind Bank Visa Signature Delite Debit Card
,Indusind Bank Duo Premier Card
,Indusind Bank Platinum Premier Debit Card
,Indusind Bank World Select Debit Card
,Indusind Bank Duo Plus Card
,Indusind Bank Platinum Plus Debit Card with 1000 XtraSmile Points
,Indusind Bank Platinum Plus Debit Card
,Indusind Bank DUO Card
,Indusind Bank Visa Platinum Debit Card
,Indusind Bank Titanium Plus Debit Card
,Indusind Bank Titanium Debit Card
,Indusind Bank Gold Debit Card
,Indusind Bank VISA Classic Debit Card
,Indusind Bank Rupay Debit Card
,Indusind Bank Rupay Arthia Debit Card
,Indusind Bank Visa Signature Debit Card
,Indusind Bank Grand√© World Debit Card
,Indusind Bank World Delights Debit Card
,Indusind Bank Platinum Max Debit Card
,Indusind Bank Delights Debit Card
,Indusind Bank Solitaire Infinite Debit Card
,Indusind Bank Platinum Carat Debit Card
,Indusind Bank Indus Care Debit Card
,Indusind Bank Grande Signature Debit Card
,IndusInd Delights Debit Card
,IndusInd Visa Signature Debit Card
,IndusInd World Delights Debit Card
,IndusInd Bank Titanium Delights Debit Card
,Indusind Bank INDIE Platinum Debit Card
,IndusInd Bank INDIE Signature Debit Card
,
,
,
,
,
,
,
,
,
,
,
,
,
,
,
,
,
,
,
,
,
,
,
,
,
,
,
,
,
,
,
,
,
,
,
,
,
,
,
,
,
,
,
,
,
,
,
,
,
,
,
,
,
,
,
,
,
,
,
,
,
,
,
,
,
,
,
,
,
,
,
,
,
,
,
,
,
,
,
,
,
,
,
,
,
,
,
,
,
,
,
,
,
,
,
,
,
,
,
,
,
,
,
,
,
,
,
,
,
,
,
,
,
,
,
,
,
,
,
,
,
,
,
,
,
,
,
,
,
,
,
,
,
,
,
,
,
,
,
,
,
,
,
,
,
,
,
,
,
,
,
,
,
,
,
,
,
,
,
,
,
,
,
,
,
,
,
,
,
,
,
,
,
,
,
,
,
,
,
,
,
,
,
,
,
,
,
,
,
,
,
,
,
,
,
,
,
,
,
,
,
,
,
,
,
,
,
,
,
,
,
,
,
,
,
,
,
,
,
,
,
,
,
,
,
,
,
,
,
,
,
,
,
,
,
,
,
,
,
,
,
,
,
,
,
,
,
,
,
,
,
,
,
,
,
,
,
,
,
,
,
,
,
,
,
,
,
,
,
,
,
,
,
,
,
,
,
,
,
,
,
,
,
,
,
,
,
,
,
,
,
,
,
,
,
,
,
,
,
,
,
,
,
,
,
,
,
,
,
,
,
,
,
,
,
,
,
,
,
,
,
,
,
,
,
,
,
,
,
,
,
,
,
,
,
,
,
,
,
,
,
,
,
,
,
,
,
,
,
,
,
,
,
,
,
,
,
,
,
,
,
,
,
,
,
,
,
,
,
,
,
,
,
,
,
,
,
,
,
,
,
,
,
,
,
,
,
,
,
,
,
,
,
,
,
,
,
,
,
,
,
,
,
,
,
,
,
,
,
,
,
,
,
,
,
,
,
,
,
,
,
,
,
,
,
,
,
,
,
,
,
,
,
,
,
,
,
,
,
,
,
,
,
,
,
,
,
,
,
,
,
,
,
,
,
,
,
,
,
,
,
,
,
,
,
,
,
,
,
,
,
